{
  "_Comment": {
    "_Name": "Just a Reference to the old system naming. Changing does nothing.",
    "_Is Enabled": "Is chicken enabled?",
    "_Lay Item": "Item the chicken will Lay.               modid:itemid:metadata:amount #example: minecraft:log:2:3",
    "_Drop Item": "Item the chicken drops on death.        modid:itemid:metadata:amount #example: minecraft:bone",
    "_Spawn Type": "Chicken spawn type, can be: NORMAL,SNOW,NONE,HELL",
    "_Parent 1": "First parent, empty if it cant be breed. modid:chickenid #example: chickens:waterchicken",
    "_Parent 2": "Second parent, empty if it cant be breed. "
  },
  "morechickens:xpchicken": {
    "Name": "xpChicken",
    "Is Enabled": true,
    "Lay Coefficient": 1.0,
    "Lay Item": "morechickens:solidxp",
    "Drop Item": "morechickens:solidxp",
    "Spawn Type": "NONE",
    "Parent 1": "chickens:emeraldchicken",
    "Parent 2": "chickens:greenchicken"
  },
  "morechickens:invarchicken": {
    "Name": "invarchicken",
    "Is Enabled": true,
    "Lay Coefficient": 1.0,
    "Lay Item": "thermalfoundation:material:162",
    "Drop Item": "thermalfoundation:material:162",
    "Spawn Type": "NONE",
    "Parent 1": "chickens:ironchicken",
    "Parent 2": "morechickens:nickelchicken"
  },
  "morechickens:bronzechicken": {
    "Name": "bronzechicken",
    "Is Enabled": true,
    "Lay Coefficient": 1.0,
    "Lay Item": "forestry:ingot_bronze",
    "Drop Item": "forestry:ingot_bronze",
    "Spawn Type": "NONE",
    "Parent 1": "morechickens:copperchicken",
    "Parent 2": "morechickens:tinchicken"
  },
  "morechickens:tinchicken": {
    "Name": "tinchicken",
    "Is Enabled": true,
    "Lay Coefficient": 1.0,
    "Lay Item": "forestry:ingot_tin",
    "Drop Item": "forestry:ingot_tin",
    "Spawn Type": "NONE",
    "Parent 1": "chickens:whitechicken",
    "Parent 2": "chickens:claychicken"
  },
  "morechickens:steelchicken": {
    "Name": "steelchicken",
    "Is Enabled": true,
    "Lay Coefficient": 1.0,
    "Lay Item": "thermalfoundation:material:160",
    "Drop Item": "thermalfoundation:material:160",
    "Spawn Type": "NONE",
    "Parent 1": "chickens:ironchicken",
    "Parent 2": "chickens:coalchicken"
  },
  "morechickens:silverorechicken": {
    "Name": "silverorechicken",
    "Is Enabled": true,
    "Lay Coefficient": 1.0,
    "Lay Item": "thermalfoundation:material:130",
    "Drop Item": "thermalfoundation:material:130",
    "Spawn Type": "NONE",
    "Parent 1": "chickens:ironchicken",
    "Parent 2": "chickens:whitechicken"
  },
  "morechickens:platinumchicken": {
    "Name": "platinumchicken",
    "Is Enabled": true,
    "Lay Coefficient": 1.0,
    "Lay Item": "thermalfoundation:material:134",
    "Drop Item": "thermalfoundation:material:134",
    "Spawn Type": "NONE",
    "Parent 1": "morechickens:nickelchicken",
    "Parent 2": "morechickens:silverorechicken"
  },
  "morechickens:nickelchicken": {
    "Name": "nickelchicken",
    "Is Enabled": true,
    "Lay Coefficient": 1.0,
    "Lay Item": "thermalfoundation:material:133",
    "Drop Item": "thermalfoundation:material:133",
    "Spawn Type": "NONE",
    "Parent 1": "chickens:whitechicken",
    "Parent 2": "chickens:greenchicken"
  },
  "morechickens:leadchicken": {
    "Name": "leadchicken",
    "Is Enabled": true,
    "Lay Coefficient": 1.0,
    "Lay Item": "thermalfoundation:material:131",
    "Drop Item": "thermalfoundation:material:131",
    "Spawn Type": "NONE",
    "Parent 1": "chickens:ironchicken",
    "Parent 2": "chickens:cyanchicken"
  },
  "morechickens:copperchicken": {
    "Name": "copperchicken",
    "Is Enabled": true,
    "Lay Coefficient": 1.0,
    "Lay Item": "forestry:ingot_copper",
    "Drop Item": "forestry:ingot_copper",
    "Spawn Type": "NONE",
    "Parent 1": "chickens:yellowchicken",
    "Parent 2": "chickens:brownchicken"
  },
  "morechickens:electrumchicken": {
    "Name": "electrumchicken",
    "Is Enabled": true,
    "Lay Coefficient": 1.0,
    "Lay Item": "thermalfoundation:material:161",
    "Drop Item": "thermalfoundation:material:161",
    "Spawn Type": "NONE",
    "Parent 1": "morechickens:silverorechicken",
    "Parent 2": "chickens:goldchicken"
  },
  "morechickens:siliconchicken": {
    "Name": "siliconchicken",
    "Is Enabled": true,
    "Lay Coefficient": 1.0,
    "Lay Item": "refinedstorage:silicon",
    "Drop Item": "refinedstorage:silicon",
    "Spawn Type": "NONE",
    "Parent 1": "chickens:claychicken",
    "Parent 2": "chickens:sandchicken"
  },
  "morechickens:sulfurchicken": {
    "Name": "sulfurchicken",
    "Is Enabled": true,
    "Lay Coefficient": 1.0,
    "Lay Item": "thermalfoundation:material:771",
    "Drop Item": "thermalfoundation:material:771",
    "Spawn Type": "NONE",
    "Parent 1": "chickens:gunpowderchicken",
    "Parent 2": "chickens:flintchicken"
  },
  "morechickens:saltpeterchicken": {
    "Name": "saltpeterchicken",
    "Is Enabled": true,
    "Lay Coefficient": 1.0,
    "Lay Item": "thermalfoundation:material:772",
    "Drop Item": "thermalfoundation:material:772",
    "Spawn Type": "NONE",
    "Parent 1": "morechickens:sulfurchicken",
    "Parent 2": "chickens:redstonechicken"
  },
  "morechickens:aluminumchicken": {
    "Name": "aluminumChicken",
    "Is Enabled": true,
    "Lay Coefficient": 1.0,
    "Lay Item": "thermalfoundation:material:132",
    "Drop Item": "thermalfoundation:material:132",
    "Spawn Type": "NONE",
    "Parent 1": "chickens:flintchicken",
    "Parent 2": "chickens:ironchicken"
  },
  "morechickens:amberchicken": {
    "Name": "amberchicken",
    "Is Enabled": true,
    "Lay Coefficient": 1.0,
    "Lay Item": "biomesoplenty:gem:7",
    "Drop Item": "biomesoplenty:gem:7",
    "Spawn Type": "NONE",
    "Parent 1": "chickens:waterchicken",
    "Parent 2": "chickens:logchicken"
  },
  "morechickens:amethystchicken": {
    "Name": "amethystchicken",
    "Is Enabled": true,
    "Lay Coefficient": 1.0,
    "Lay Item": "biomesoplenty:gem",
    "Drop Item": "biomesoplenty:gem",
    "Spawn Type": "NONE",
    "Parent 1": "chickens:ghastchicken",
    "Parent 2": "chickens:purplechicken"
  },
  "morechickens:malachitechicken": {
    "Name": "malachitechicken",
    "Is Enabled": true,
    "Lay Coefficient": 1.0,
    "Lay Item": "biomesoplenty:gem:5",
    "Drop Item": "biomesoplenty:gem:5",
    "Spawn Type": "NONE",
    "Parent 1": "morechickens:copperchicken",
    "Parent 2": "chickens:coalchicken"
  },
  "morechickens:peridotchicken": {
    "Name": "peridotchicken",
    "Is Enabled": true,
    "Lay Coefficient": 1.0,
    "Lay Item": "biomesoplenty:gem:2",
    "Drop Item": "biomesoplenty:gem:2",
    "Spawn Type": "NONE",
    "Parent 1": "morechickens:siliconchicken",
    "Parent 2": "chickens:greenchicken"
  },
  "morechickens:rubychicken": {
    "Name": "rubychicken",
    "Is Enabled": true,
    "Lay Coefficient": 1.0,
    "Lay Item": "biomesoplenty:gem:1",
    "Drop Item": "biomesoplenty:gem:1",
    "Spawn Type": "NONE",
    "Parent 1": "chickens:redchicken",
    "Parent 2": "morechickens:aluminumchicken"
  },
  "morechickens:sapphirechicken": {
    "Name": "sapphirechicken",
    "Is Enabled": true,
    "Lay Coefficient": 1.0,
    "Lay Item": "biomesoplenty:gem:6",
    "Drop Item": "biomesoplenty:gem:6",
    "Spawn Type": "NONE",
    "Parent 1": "chickens:bluechicken",
    "Parent 2": "morechickens:aluminumchicken"
  },
  "morechickens:tanzanitechicken": {
    "Name": "tanzanitechicken",
    "Is Enabled": true,
    "Lay Coefficient": 1.0,
    "Lay Item": "biomesoplenty:gem:4",
    "Drop Item": "biomesoplenty:gem:4",
    "Spawn Type": "NONE",
    "Parent 1": "chickens:quartzchicken",
    "Parent 2": "chickens:purplechicken"
  },
  "morechickens:topazchicken": {
    "Name": "topazchicken",
    "Is Enabled": true,
    "Lay Coefficient": 1.0,
    "Lay Item": "biomesoplenty:gem:3",
    "Drop Item": "biomesoplenty:gem:3",
    "Spawn Type": "NONE",
    "Parent 1": "chickens:quartzchicken",
    "Parent 2": "chickens:orangechicken"
  },
  "morechickens:saltchicken": {
    "Name": "saltchicken",
    "Is Enabled": true,
    "Lay Coefficient": 1.0,
    "Lay Item": "immersivetech:material",
    "Drop Item": "immersivetech:material",
    "Spawn Type": "NONE",
    "Parent 1": "chickens:waterchicken",
    "Parent 2": "chickens:lavachicken"
  },
  "morechickens:terrasteelchicken": {
    "Name": "terrasteelchicken",
    "Is Enabled": true,
    "Lay Coefficient": 1.0,
    "Lay Item": "botania:manaresource:4",
    "Drop Item": "botania:manaresource:4",
    "Spawn Type": "NONE",
    "Parent 1": "chickens:enderchicken",
    "Parent 2": "chickens:pcrystalchicken"
  },
  "morechickens:manasteelchicken": {
    "Name": "manasteelchicken",
    "Is Enabled": true,
    "Lay Coefficient": 1.0,
    "Lay Item": "botania:manaresource",
    "Drop Item": "botania:manaresource",
    "Spawn Type": "NONE",
    "Parent 1": "chickens:ironchicken",
    "Parent 2": "chickens:ghastchicken"
  },
  "morechickens:elementiumchicken": {
    "Name": "elementiumchicken",
    "Is Enabled": true,
    "Lay Coefficient": 1.0,
    "Lay Item": "botania:manaresource:19",
    "Drop Item": "botania:manaresource:19",
    "Spawn Type": "NONE",
    "Parent 1": "morechickens:manasteelchicken",
    "Parent 2": "morechickens:terrasteelchicken"
  },
  "morechickens:uraniumchicken": {
    "Name": "uraniumChicken",
    "Is Enabled": true,
    "Lay Coefficient": 1.0,
    "Lay Item": "immersiveengineering:metal:5",
    "Drop Item": "immersiveengineering:metal:5",
    "Spawn Type": "NONE",
    "Parent 1": "chickens:redstonechicken",
    "Parent 2": "chickens:enderchicken"
  },
  "morechickens:constantanchicken": {
    "Name": "constantanChicken",
    "Is Enabled": true,
    "Lay Coefficient": 1.0,
    "Lay Item": "thermalfoundation:material:164",
    "Drop Item": "thermalfoundation:material:164",
    "Spawn Type": "NONE",
    "Parent 1": "morechickens:copperchicken",
    "Parent 2": "morechickens:nickelchicken"
  },
  "morechickens:basalzrodchicken": {
    "Name": "basalzRodChicken",
    "Is Enabled": true,
    "Lay Coefficient": 1.0,
    "Lay Item": "thermalfoundation:material:2052",
    "Drop Item": "thermalfoundation:material:2052",
    "Spawn Type": "NONE",
    "Parent 1": "morechickens:saltpeterchicken",
    "Parent 2": "chickens:blazechicken"
  },
  "morechickens:blitzrodchicken": {
    "Name": "blitzRodChicken",
    "Is Enabled": true,
    "Lay Coefficient": 1.0,
    "Lay Item": "thermalfoundation:material:2050",
    "Drop Item": "thermalfoundation:material:2050",
    "Spawn Type": "NONE",
    "Parent 1": "morechickens:basalzrodchicken",
    "Parent 2": "morechickens:sulfurchicken"
  },
  "morechickens:blizzrodchicken": {
    "Name": "blizzRodChicken",
    "Is Enabled": true,
    "Lay Coefficient": 1.0,
    "Lay Item": "thermalfoundation:material:2048",
    "Drop Item": "thermalfoundation:material:2048",
    "Spawn Type": "NONE",
    "Parent 1": "morechickens:blitzrodchicken",
    "Parent 2": "chickens:snowballchicken"
  },
  "morechickens:cinnabarchicken": {
    "Name": "cinnabarChicken",
    "Is Enabled": true,
    "Lay Coefficient": 1.0,
    "Lay Item": "thermalfoundation:material:866",
    "Drop Item": "thermalfoundation:material:866",
    "Spawn Type": "NONE",
    "Parent 1": "morechickens:richslagchicken",
    "Parent 2": "chickens:diamondchicken"
  },
  "morechickens:enderiumchicken": {
    "Name": "enderiumChicken",
    "Is Enabled": true,
    "Lay Coefficient": 1.0,
    "Lay Item": "thermalfoundation:material:231",
    "Drop Item": "thermalfoundation:material:231",
    "Spawn Type": "NONE",
    "Parent 1": "morechickens:platinumchicken",
    "Parent 2": "chickens:enderchicken"
  },
  "morechickens:iridiumchicken": {
    "Name": "iridiumChicken",
    "Is Enabled": true,
    "Lay Coefficient": 1.0,
    "Lay Item": "thermalfoundation:material:199",
    "Drop Item": "thermalfoundation:material:199",
    "Spawn Type": "NONE",
    "Parent 1": "morechickens:enderiumchicken",
    "Parent 2": "morechickens:blizzrodchicken"
  },
  "morechickens:lumiumchicken": {
    "Name": "lumiumChicken",
    "Is Enabled": true,
    "Lay Coefficient": 1.0,
    "Lay Item": "thermalfoundation:material:166",
    "Drop Item": "thermalfoundation:material:166",
    "Spawn Type": "NONE",
    "Parent 1": "morechickens:tinchicken",
    "Parent 2": "chickens:glowstonechicken"
  },
  "morechickens:mithrilchicken": {
    "Name": "mithrilChicken",
    "Is Enabled": true,
    "Lay Coefficient": 1.0,
    "Lay Item": "thermalfoundation:material:136",
    "Drop Item": "thermalfoundation:material:136",
    "Spawn Type": "NONE",
    "Parent 1": "morechickens:iridiumchicken",
    "Parent 2": "chickens:goldchicken"
  },
  "morechickens:signalumchicken": {
    "Name": "signalumChicken",
    "Is Enabled": true,
    "Lay Coefficient": 1.0,
    "Lay Item": "thermalfoundation:material:165",
    "Drop Item": "thermalfoundation:material:165",
    "Spawn Type": "NONE",
    "Parent 1": "morechickens:copperchicken",
    "Parent 2": "morechickens:silverorechicken"
  },
  "morechickens:slagchicken": {
    "Name": "slagChicken",
    "Is Enabled": true,
    "Lay Coefficient": 1.0,
    "Lay Item": "thermalfoundation:material:864",
    "Drop Item": "thermalfoundation:material:864",
    "Spawn Type": "NONE",
    "Parent 1": "chickens:redstonechicken",
    "Parent 2": "chickens:ironchicken"
  },
  "morechickens:richslagchicken": {
    "Name": "richSlagChicken",
    "Is Enabled": true,
    "Lay Coefficient": 1.0,
    "Lay Item": "thermalfoundation:material:865",
    "Drop Item": "thermalfoundation:material:865",
    "Spawn Type": "NONE",
    "Parent 1": "morechickens:slagchicken",
    "Parent 2": "morechickens:slagchicken"
  },
  "morechickens:arditechicken": {
    "Name": "arditeChicken",
    "Is Enabled": true,
    "Lay Coefficient": 1.0,
    "Lay Item": "tconstruct:ingots:1",
    "Drop Item": "tconstruct:ingots:1",
    "Spawn Type": "NONE",
    "Parent 1": "chickens:blazechicken",
    "Parent 2": "chickens:magmachicken"
  },
  "morechickens:cobaltchicken": {
    "Name": "cobaltChicken",
    "Is Enabled": true,
    "Lay Coefficient": 1.0,
    "Lay Item": "tconstruct:ingots",
    "Drop Item": "tconstruct:ingots",
    "Spawn Type": "NONE",
    "Parent 1": "chickens:netherwartchicken",
    "Parent 2": "chickens:ghastchicken"
  },
  "morechickens:manyullynchicken": {
    "Name": "manyullynChicken",
    "Is Enabled": true,
    "Lay Coefficient": 1.0,
    "Lay Item": "tconstruct:ingots:2",
    "Drop Item": "tconstruct:ingots:2",
    "Spawn Type": "NONE",
    "Parent 1": "morechickens:arditechicken",
    "Parent 2": "morechickens:cobaltchicken"
  },
  "morechickens:pigironchicken": {
    "Name": "pigIronChicken",
    "Is Enabled": true,
    "Lay Coefficient": 1.0,
    "Lay Item": "tconstruct:ingots:4",
    "Drop Item": "tconstruct:ingots:4",
    "Spawn Type": "NONE",
    "Parent 1": "morechickens:bloodslime",
    "Parent 2": "chickens:ironchicken"
  },
  "morechickens:knightslimechicken": {
    "Name": "knightSlimeChicken",
    "Is Enabled": true,
    "Lay Coefficient": 1.0,
    "Lay Item": "tconstruct:ingots:3",
    "Drop Item": "tconstruct:ingots:3",
    "Spawn Type": "NONE",
    "Parent 1": "morechickens:manyullynchicken",
    "Parent 2": "morechickens:pigironchicken"
  },
  "morechickens:bloodslime": {
    "Name": "bloodSlime",
    "Is Enabled": true,
    "Lay Coefficient": 1.0,
    "Lay Item": "tconstruct:edible:3",
    "Drop Item": "tconstruct:edible:3",
    "Spawn Type": "NONE",
    "Parent 1": "chickens:slimechicken",
    "Parent 2": "chickens:redchicken"
  },
  "morechickens:purpleslime": {
    "Name": "purpleSlime",
    "Is Enabled": true,
    "Lay Coefficient": 1.0,
    "Lay Item": "tconstruct:edible:2",
    "Drop Item": "tconstruct:edible:2",
    "Spawn Type": "NONE",
    "Parent 1": "morechickens:bloodslime",
    "Parent 2": "chickens:bluechicken"
  },
  "morechickens:magmaslime": {
    "Name": "magmaSlime",
    "Is Enabled": true,
    "Lay Coefficient": 1.0,
    "Lay Item": "tconstruct:edible:4",
    "Drop Item": "tconstruct:edible:4",
    "Spawn Type": "NONE",
    "Parent 1": "chickens:slimechicken",
    "Parent 2": "chickens:magmachicken"
  },
  "morechickens:blueslime": {
    "Name": "blueSlime",
    "Is Enabled": true,
    "Lay Coefficient": 1.0,
    "Lay Item": "tconstruct:edible:1",
    "Drop Item": "tconstruct:edible:1",
    "Spawn Type": "NONE",
    "Parent 1": "chickens:slimechicken",
    "Parent 2": "chickens:bluechicken"
  },
  "morechickens:quartzenrichedironchicken": {
    "Name": "quartzenrichedironchicken",
    "Is Enabled": true,
    "Lay Coefficient": 1.0,
    "Lay Item": "refinedstorage:quartz_enriched_iron",
    "Drop Item": "refinedstorage:quartz_enriched_iron",
    "Spawn Type": "NONE",
    "Parent 1": "chickens:quartzchicken",
    "Parent 2": "chickens:ironchicken"
  },
  "morechickens:brasschicken": {
    "Name": "brasschicken",
    "Is Enabled": true,
    "Lay Coefficient": 1.0,
    "Lay Item": "thaumcraft:ingot:2",
    "Drop Item": "thaumcraft:ingot:2",
    "Spawn Type": "NONE",
    "Parent 1": "",
    "Parent 2": ""
  }
}